{
  "version": 1,
  "author": "Tiago Cruz",
  "editor": "wokwi",
  "parts": [
    { "type": "board-esp32-devkit-c-v4", "id": "esp", "top": -57.6, "left": -81.56, "attrs": {} },
    {
      "type": "wokwi-lcd1602",
      "id": "lcd1",
      "top": 131.2,
      "left": 111.2,
      "attrs": { "pins": "i2c" }
    },
    {
      "type": "wokwi-led",
      "id": "led1",
      "top": -32.4,
      "left": -159.4,
      "attrs": { "color": "red" }
    },
    {
      "type": "wokwi-resistor",
      "id": "r2",
      "top": 41.8,
      "left": -164.05,
      "rotate": 270,
      "attrs": { "value": "220" }
    }
  ],
  "connections": [
    [ "esp:VIN", "lcd1:VDD", "red", [ "h0" ] ],
    [ "esp:D21", "lcd1:SDA", "green", [ "h0" ] ],
    [ "lcd1:SCL", "esp:D22", "purple", [ "h-31.08", "v-29.71" ] ],
    [ "r2:1", "esp:D12", "green", [ "h-0.14", "v7.57" ] ],
    [ "r2:2", "led1:A", "green", [ "h0" ] ],
    [ "esp:TX", "$serialMonitor:RX", "", [] ],
    [ "esp:RX", "$serialMonitor:TX", "", [] ],
    [ "esp:3V3", "lcd1:VCC", "red", [ "h-19.05", "v-57.6", "h201.6", "v57.6" ] ],
    [ "r2:1", "esp:12", "green", [ "v9.6", "h57.45" ] ],
    [ "led1:C", "esp:CMD", "black", [ "v0" ] ],
    [ "lcd1:GND", "esp:GND.2", "black", [ "h0" ] ],
    [ "esp:21", "lcd1:SDA", "green", [ "h57.6", "v-38.4" ] ],
    [ "lcd1:SCL", "esp:22", "purple", [ "h0" ] ]
  ],
  "dependencies": {}
}